序号,问题,朴素回答,OAG回答
1,对比两只基金近一年收益稳定性,"# 结论
近一年收益表现需要结合波动率观察。

- 基金A收益较高
- 基金B波动较低","# 结论
基于 OAG 检索到的收益率、波动率和回撤事实，基金A近一年收益更高，但基金B波动更低。

| 指标 | 基金A | 基金B |
| --- | --- | --- |
| 年化收益 | 8.2% | 6.9% |
| 最大回撤 | -5.1% | -3.7% |"
1,对比两只基金近一年收益稳定性,"基金A和基金B各有优势。基金A收益可能更好，基金B风险可能更低，建议结合投资目标判断。","基于 OAG 检索到的收益率、波动率和回撤事实，基金A近一年收益更高，但基金B波动更低。

| 指标 | 基金A | 基金B |
| --- | --- | --- |
| 年化收益 | 8.2% | 6.9% |
| 最大回撤 | -5.1% | -3.7% |"
1,对比两只基金近一年收益稳定性,"从收益看基金A略好，从风险看基金B略稳。若偏稳健可以考虑基金B。","基于 OAG 检索到的收益率、波动率和回撤事实，基金A近一年收益更高，但基金B波动更低。

| 指标 | 基金A | 基金B |
| --- | --- | --- |
| 年化收益 | 8.2% | 6.9% |
| 最大回撤 | -5.1% | -3.7% |"
1,对比两只基金近一年收益稳定性,"基金A最近一年收益更突出，但基金B可能更适合风险偏好低的投资者。","基于 OAG 检索到的收益率、波动率和回撤事实，基金A近一年收益更高，但基金B波动更低。

| 指标 | 基金A | 基金B |
| --- | --- | --- |
| 年化收益 | 8.2% | 6.9% |
| 最大回撤 | -5.1% | -3.7% |"
1,对比两只基金近一年收益稳定性,"需要更多数据才能判断。一般应比较收益、回撤、波动率和基金经理。","基于 OAG 检索到的收益率、波动率和回撤事实，基金A近一年收益更高，但基金B波动更低。

| 指标 | 基金A | 基金B |
| --- | --- | --- |
| 年化收益 | 8.2% | 6.9% |
| 最大回撤 | -3.7% | -5.1% |"
2,某基金是否适合低风险投资者,"该基金可能适合低风险投资者，但仍需看持仓和历史表现。","该基金风险等级为 R2，近一年最大回撤为 -2.4%，波动率处于同类较低分位。整体更接近低风险偏好。"
2,某基金是否适合低风险投资者,"如果基金波动较小，就比较适合低风险投资者；如果波动大则不适合。","该基金风险等级为 R2，近一年最大回撤为 -2.4%，波动率处于同类较低分位。整体更接近低风险偏好。"
2,某基金是否适合低风险投资者,"低风险投资者应优先选择债券型或货币型基金。","该基金风险等级为 R2，近一年最大回撤为 -2.4%，波动率处于同类较低分位。整体更接近低风险偏好。"
2,某基金是否适合低风险投资者,"要看基金类型。如果是权益类基金，一般不太适合低风险投资者。","该基金风险等级为 R2，近一年最大回撤为 -2.4%，波动率处于同类较低分位。整体更接近低风险偏好。"
2,某基金是否适合低风险投资者,"不确定，需要补充基金代码、风险等级和收益波动数据。","该基金风险等级为 R2，近一年最大回撤为 -2.4%，波动率处于同类较低分位。整体更接近低风险偏好。"
3,筛选近一年夏普比率较高的基金,"可以筛选夏普比率排名靠前的基金，并进一步查看回撤。","可按近一年夏普比率降序筛选基金，并剔除最大回撤过高的标的。"
3,筛选近一年夏普比率较高的基金,"建议关注夏普比率、最大回撤、基金经理任期和规模。","可按近一年夏普比率降序筛选基金，并剔除最大回撤过高的标的。"
3,筛选近一年夏普比率较高的基金,"夏普比率越高代表单位风险收益越好，适合做初筛。","可按近一年夏普比率降序筛选基金，并剔除最大回撤过高的标的。"
3,筛选近一年夏普比率较高的基金,"先计算近一年收益和波动率，再得到夏普比率。","可按近一年夏普比率降序筛选基金，并剔除最大回撤过高的标的。"
3,筛选近一年夏普比率较高的基金,"可以选择夏普比率大于 1 的基金，但还需要看市场环境。","可按近一年夏普比率降序筛选基金，并剔除最大回撤过高的标的。"
